0.15389901865262062,0.009449214091738668,0.13826848830728541,0
0.1494892165892836,0.009524163006917602,0.13797369603279078,0
0.15948981741485085,0.010309667280874499,0.1386773588213831,0
0.14376420607265664,0.0070412053093822456,0.1340417002306654,0
0.1522108853520565,0.01080998131356314,0.1399925554506176,0
0.1502420788604214,0.00864778070253421,0.13507374132049382,0
0.1651500882409212,0.016211985772090237,0.1462737881824064,0
0.16424288885613553,0.016881922388440093,0.14673586129695368,0
0.1377460359145338,0.005694530423280027,0.1321855970341749,0
0.17220759999914698,0.018616304662985063,0.14740686009832396,0
0.14980743452354348,0.009541320637754177,0.13896128604922958,0
0.1550425227014494,0.0139057329886325,0.14416780377873106,0
0.17245855020091036,0.015902379596133297,0.14604561553234524,0
0.16463092720282507,0.015465819867193137,0.13983765405516943,0
0.1466313852014064,0.007610354367192616,0.1358868823658946,0
0.16431209000114136,0.016808537164533156,0.1467558142934809,0
0.1532192490451713,0.010187156167364375,0.1395108615202838,0
0.1380238721720407,0.0057341532070838116,0.13243317268899826,0
0.16620074476730046,0.016118225581501736,0.14622997567389165,0
0.15119622888645828,0.011418477727017685,0.1422221072126026,0
0.16685372192913253,0.014134465512443663,0.14488844252461353,0
0.1416595671691857,0.006969696456406556,0.13555185579714948,0
0.15629979299042915,0.011409564573214164,0.1418802643409432,0
0.14575201827355963,0.01426740556507089,0.12912833336915744,0
0.13403856365521297,0.004480140232290886,0.12886206070606557,0
0.165741546283871,0.01537117573454885,0.14578228082713657,0
0.16144780225698904,0.015018391321109017,0.14582961550033754,0
0.1532445029966965,0.010926439915035568,0.14083063471783785,0
0.16492218664138897,0.017857652951971878,0.14193267729281459,0
0.1424337057505338,0.0063186339773654105,0.13282576354569942,0
0.16045644889671085,0.017716002774124242,0.1410615342404548,0
0.1487928563446799,0.009062587452449304,0.13545793662095756,0
0.15115831674975078,0.010619813378349786,0.1390529876920905,0
0.16012742917327957,0.01464317345949173,0.14054077168310375,0
0.15769998381284278,0.014399111780105833,0.13990999651768105,0
0.15857245252880547,0.011688879107535105,0.13933984725048273,0
0.1615612603166571,0.017606697777936383,0.14477327256675915,0
0.16273715453845258,0.015332787386488035,0.14406496835302532,0
0.16692010149425196,0.016102927177756538,0.14506160408823746,0
0.14601290384523985,0.01108923650822106,0.13630864381080193,0
0.15642727579930155,0.011710296387476202,0.14025848659704457,0
0.1579567678006753,0.013814434855198744,0.1409831656152137,0
0.14270074597979365,0.010040940162118702,0.13215278327296018,0
0.14699432716053112,0.011168926958999587,0.13354658405709371,0
0.14729181866996538,0.009240173626791229,0.13552535390156328,0
0.15660244703592416,0.010129746369303538,0.13839846766783406,0
0.16552372310733687,0.017636426511308215,0.14380992480204777,0
0.1694415241030998,0.018108764989055698,0.14471832636950122,0
0.15268868541294228,0.012321018745932399,0.13855408274001374,0
0.1541352777373746,0.0110720139618095,0.13880693466055027,0
0.1541352777373746,0.0110720139618095,0.13880693466055027,0
0.1491290966808428,0.012127067989083277,0.14149359324043428,0
0.15926898775544046,0.017910090485300317,0.14667008841205614,0
0.13966640954117918,0.008292037363036603,0.1343602578998373,0
0.15115865305477597,0.017090916581393563,0.1325051449981063,0
0.1543850219236147,0.010492592991524876,0.13806863130400354,0
0.1297454591661243,0.009140321222592285,0.1240177150387808,0
0.1462683651252276,0.012496269474718465,0.1387183344024129,0
0.1400064012420179,0.012899712845155887,0.12918813505355925,0
0.13090947109041795,0.007932444534784287,0.1275537433298419,0
0.13674359686133358,0.015025267888834626,0.12565458366669582,0
0.15467002885899986,0.0164981690414295,0.14009542369523284,0
0.13643850602374621,0.012073293405117085,0.1269541508017911,0
0.14515444538565747,0.012564211075691634,0.13704211340032896,0
0.14332173578796867,0.013948991767041612,0.13720626719734208,0
0.13749976441497708,0.008849019557320013,0.12965489109718928,0
0.13748965640587818,0.008637555214857214,0.1294971347711483,0
0.13184552305099131,0.007560720717285133,0.12833410628538242,0
0.1365091126719123,0.00833416108161028,0.1286502513846696,0
0.14315080380461384,0.011586282452905342,0.13504783788462554,0
0.13185504260904124,0.015302150104980636,0.12145668901598249,0
0.13104048210979602,0.01492924224854984,0.12098449966335678,0
0.14691091902471567,0.01250471052705202,0.13822197235133948,0
0.147737924172221,0.013142215552033659,0.13271343358438606,0
0.1448315568790679,0.011442453567349832,0.13679144588403466,0
0.12967377040069317,0.012631134014251174,0.12115449105090084,0
0.1543370607908591,0.014333307206881593,0.13898884336750378,0
0.15579433883656074,0.015926524474792546,0.14046658326945044,0
0.1320621341769294,0.008227439141946591,0.1249336253743895,0
0.14993315354602493,0.01565152859098249,0.13266004807505963,0
0.1512950937286553,0.01434240180262067,0.13415334348383928,0
0.14941302647676952,0.011352312850980702,0.1363350343532392,0
0.13056104890123038,0.005447410561484796,0.127404028296674,0
0.14551081295374735,0.020569863819222864,0.12840691763202547,0
0.15251341058715193,0.01859082092941263,0.14007274393996919,0
0.14498105594765368,0.012895563546738613,0.13432474371212588,0
0.14884629834040503,0.011310611225365122,0.13761408894191465,0
0.1478338851589412,0.010472121365050706,0.13694265344362336,0
0.13630883904532914,0.007205933276136803,0.13272442054444275,0
0.14558576677481108,0.01270464855275991,0.13287755313854924,0
0.15496671605134146,0.014970884589748807,0.14310927128187056,0
0.14301560096843088,0.008635888690242607,0.13344520299276239,0
0.13376505918696732,0.011792930630223783,0.12707453280616962,0
0.1504080467927608,0.018375587489544903,0.13829035558375283,0
0.147343513686873,0.013610405655333025,0.13300653220610287,0
0.13873448143669354,0.013196967485251905,0.12767267431554657,0
0.1623298702997955,0.01823967094490305,0.14650481163036466,0
0.1277003626767842,0.003783138401814994,0.12497046443486343,0
0.1277003626767842,0.003783138401814994,0.12497046443486343,0
0.24868160379672796,0.03773969728048557,0.23258785383561043,0
0.20346619516889672,0.025134450305110603,0.19487553381738323,0
0.15015375963218416,0.014154120744006488,0.14674446314915093,0
0.07850434375222103,0.003931849158963535,0.07808294631857327,0
0.09015919999906065,0.005346249090695136,0.08923947297531334,0
0.1314077449450061,0.010768497802139464,0.12906057563306958,0
0.13378435380622242,0.011127695936412907,0.13121719689476,0
0.05793907319222809,0.0023732417023780957,0.05770914049632062,0
0.05191467910587958,0.0020506653730820597,0.051718352649682345,0
0.06459367101345198,0.0030243565720202053,0.06418839750850942,0
0.09883749617493165,0.005825721038585759,0.09776888640220105,0
0.22832953597997532,0.03219473250519006,0.21616687136729223,0
0.1508698743345535,0.014278788149663647,0.14723666780188988,0
0.09381292231127489,0.005619923177044408,0.09283608045279793,0
0.20883658275923422,0.026613205919068274,0.1994799863682229,0
0.16438775228744779,0.01676907080348243,0.15942311828167213,0
0.1394705810188134,0.012595218288185375,0.1365526986582016,0
0.07136351752046487,0.0036284267991426623,0.07093062071253664,0
0.07510912373824491,0.003930301631172701,0.0745659470438898,0
0.12406396211403659,0.009140382712005856,0.12216377348917323,0
0.24505350010058843,0.0367455097756354,0.23003148742546123,0
0.1750762143953141,0.019073543124546524,0.16944029824391363,0
0.25014677066720675,0.03808605171705085,0.23387320282902702,0
0.20440084319747212,0.025315631989506704,0.19572795975335047,0
0.26662732751440954,0.04321693273892544,0.2469930289578867,0
0.18742335918361885,0.021887180119284314,0.18052383554201198,0
0.29764446028468744,0.05303769910640747,0.2708940907489166,0
0.2336918483868968,0.03332490843711639,0.2211701738743856,0
0.19619176899979615,0.023167637583326666,0.1886544035649859,0
0.14267899688635108,0.013141022059870744,0.1395896275725929,0
0.10420406668480958,0.006382792474759609,0.10301619457219739,0
0.23936133706019694,0.035176054914425985,0.2251612417534162,0
0.1732016214725013,0.018675250501234492,0.16770616593026763,0
0.17277777776028128,0.018854369832682166,0.1674106290580251,0
0.08840571733264833,0.005090709239494348,0.0875128343603056,0
0.11663952996639902,0.009192351014706567,0.11471197068383003,0
0.07708854770797188,0.003953795477865732,0.07661150643700855,0
0.20063605993573605,0.024816657138749202,0.1922251964760756,0
0.13183113819927736,0.010881357627111135,0.1293573732434826,0
0.11435163242568308,0.008942493563170872,0.11258875538694302,0
0.19386704540647898,0.023526255402102993,0.18602298399996012,0
0.11292145455132592,0.008577679919410901,0.11116900784544617,0
0.14514706857210433,0.013302599470713942,0.14176285357138,0
0.23303644390742456,0.033085436677918086,0.2201589251135585,0
0.2398780774214673,0.03505242370166411,0.22545349319894117,0
0.26349460878289555,0.04156234893671106,0.24483515066882583,0
0.16498801335756705,0.01691804007647631,0.1602579116738212,0
0.25148571897631083,0.03841913785603722,0.23502581615712836,0
0.21459505417483307,0.028177010826777513,0.20440383928443925,0
0.13780839728451508,0.01244670758419651,0.1349447821737137,0
0.06894967657000244,0.003412090091898216,0.06848799409757135,0
0.07045033195627615,0.0033184727059228153,0.06989535856487766,0
0.1665495576198991,0.0174529091032641,0.16165712030119203,0
0.19998256366040168,0.02462450854357512,0.1916218559871988,0
0.1581796744928811,0.015524442559512311,0.15370010139990684,0
0.08936278848801416,0.004736614455120041,0.08872428601693862,0
0.18232785795939707,0.020250448580534028,0.17617299423728083,0
0.08069214087524461,0.004144906284021837,0.08021301432184451,0
0.0935384175872781,0.005531224160557862,0.09255154267709431,0
0.11758365916903513,0.009005387917994446,0.1158077498446826,0
0.198357427004549,0.02346784689591746,0.19067059633000982,0
0.14332075620655324,0.013236635665282352,0.14020238495351856,0
0.10582006972973854,0.00650767298192376,0.10460615908154644,0
0.23477133247337523,0.0338905948415902,0.22143725781139323,0
0.248580515824205,0.037837628196980486,0.23295485620401718,0
0.16563684463571823,0.017004606481952133,0.16085928888150827,0
0.09647624116532376,0.005927084836077585,0.09543610915635355,0
0.17273259510754538,0.01861212230511616,0.16736223910657816,0
0.23247033645103682,0.03320345997732025,0.21927410104540251,0
0.17152752292217602,0.01831990326676634,0.1661502846517846,0
0.29321297096170545,0.051684154841436084,0.2674486586561494,0
0.22248788053994362,0.030647793602425616,0.21131924946223332,0
0.21829933615690708,0.029658021576793987,0.20747208576860984,0
0.2132209070506394,0.027770300710297055,0.20332839664173874,0
0.26428063529237067,0.041793821051766766,0.24549277861510332,0
0.16781323744333976,0.01742342621371953,0.1628308156160096,0
0.1588171212533117,0.01591631635327147,0.15465629483160467,0
0.07640062532772188,0.003770491222192531,0.07601252590248295,0
0.08414542792778475,0.0045020515988459285,0.0835509737902257,0
0.14146487624556026,0.012730340542308496,0.13854542507903286,0
0.1986057039725185,0.023508931667007862,0.19088313709170462,0
0.14289451593484193,0.013156471220389836,0.13980407905769632,0
0.10384405762629806,0.006380092453998342,0.10266676051815268,0
0.2348783151235454,0.03357350477365876,0.22180621731196615,0
0.24055856464193104,0.03522475318724815,0.22601882267720164,0
0.15852859332690483,0.015582526427160705,0.15450547168866946,0
0.08682318482064198,0.004971332729382244,0.08598594920187493,0
0.11270710467425901,0.008721310235898984,0.11090216423775198,0
0.05854469894367932,0.002038654983773978,0.05831682784984538,0
0.17262490177780002,0.01848261150785052,0.16724563933533618,0
0.07681742053245663,0.003858371886542579,0.07640867160857484,0
0.08453857440209754,0.00454072772939581,0.08393648613460143,0
0.10128850888368719,0.006202350013041198,0.10018460618459613,0
0.1940758358677186,0.022869216698329833,0.1866153633124448,0
0.12996173850347612,0.010598264661669902,0.12760627181010567,0
0.10562961722349061,0.007415214083135481,0.10427116460198,0
0.2184164856039204,0.029548630455560228,0.20766799911611267,0
0.13436477208243353,0.011378345205472951,0.1317688920939421,0
0.12383189846425766,0.009670281334288275,0.12176581686576766,0
0.28879775659535967,0.0502466109489697,0.2640427001386903,0
0.1962947143178999,0.023600236888145318,0.18852348713714526,0
0.22351573743765085,0.030868502221810312,0.2120746524245606,0
0.215758746587777,0.028476593851254194,0.20547608592569624,0
0.20709228785938416,0.026786593809998024,0.19774533884280665,0
0.1318492216342057,0.010835325783423597,0.1293895168198436,0
0.11270360048659701,0.008664251664909065,0.11101883252468438,0
0.24356583164007356,0.036217615569037256,0.22845440847356935,0
0.2442557037636092,0.03607123649368439,0.22947639680187956,0
0.2622701429511642,0.04188481144647243,0.24369019531533104,0
0.21224900987906994,0.027850302558209788,0.20220306814963798,0
0.17258559746939625,0.01832656365318482,0.16721291340871894,0
0.10249034512151937,0.00694128782754962,0.10117734098132317,0
0.17950590239853662,0.019685321504714946,0.17343994154480047,0
0.23786071739906178,0.03433210902902831,0.2245182633419751,0
0.23207147823809415,0.03292976045942839,0.21903832204527193,0
0.27593222583802496,0.04568343172969588,0.25470702972373266,0
0.22005713342209834,0.029418977602990382,0.20914692256412423,0
0.2996218276947769,0.054118136078623265,0.27249880173996294,0
0.1899362652377576,0.02232523227523282,0.1827891235995292,0
0.2636525263457224,0.04227306521551692,0.24484278232465934,0
0.2088719127189296,0.027192515302146825,0.19924133435394967,0
0.24475542199431738,0.03651462296000849,0.22940465807936974,0
0.20050530826386656,0.024877692567293976,0.19203576033909198,0
0.20812832796969655,0.026736739478841188,0.19863349287431778,0
0.17950200468164168,0.020227452470178663,0.1732704696195347,0
0.27447449605102425,0.045708632955177714,0.2529625871738991,0
0.21984712242206167,0.029573142343088752,0.20872217793334574,0
0.21655424539549212,0.029284276483696095,0.205925674014562,0
0.2296982416744755,0.03244097741533434,0.2172281851381697,0
0.17199118017674406,0.018203035519817747,0.16668379677947173,0
0.1018289999353979,0.006884981782044552,0.10056316132928622,0
0.17117087816787652,0.018031744383705257,0.16573362934722544,0
0.17117087816787652,0.018031744383705257,0.16573362934722544,0
0.4896100737250181,0.13276219980962317,0.3756256648861392,0
0.41556359520913627,0.09888344551895371,0.3445471806921218,0
0.43936444254701423,0.10956670608352842,0.3560629301724105,0
0.4467330734966966,0.11276026595562595,0.3589326301755059,0
0.44973066965943004,0.11559707858864643,0.35893053784023116,0
0.4827794217968723,0.12936280719308335,0.37303854143916043,0
0.3541735059102468,0.07445057596651689,0.3090198861929075,0
0.10354878247974914,0.006596635215217773,0.10251785696828994,0
0.4351087847161579,0.10724233978548159,0.3537375242735704,0
0.4629485395618787,0.11985753868829442,0.3658689346782029,0
0.31724959777207573,0.06008817086539314,0.2852545208606126,0
0.16318835685751867,0.016522497407400066,0.1585311192216917,0
0.42448342838302466,0.10245773144975145,0.34898422011553354,0
0.3966201251498618,0.09088189292987658,0.3341047502517498,0
0.3095687474311603,0.05752826281408479,0.2792282961568894,0
0.1134762599850415,0.008721978197150884,0.1118221746508995,0
0.40889269439827997,0.09591152276241886,0.34089919819434006,0
0.35650045942297814,0.07526781137623513,0.3105086796414124,0
0.10178628710318122,0.006657795752761943,0.1007527247670486,0
0.31790701237840974,0.060299738340832174,0.28583730747889424,0
0.16102565069492294,0.016054061783571976,0.15653076846334527,0
0.31194860200802577,0.057968131851508266,0.2807542325184045,0
0.1417944527445174,0.012068453749657143,0.13902426700351642,0
0.49480188873837067,0.13507740017868955,0.3771819055333392,0
0.46660126011779696,0.12173568915744368,0.3668805329733863,0
0.2909029780842005,0.05087960374533702,0.26556467963908575,0
0.1637321102182476,0.016457430301442987,0.15938002695986503,0
0.41687560924700423,0.09910017370299183,0.34521396662312354,0
0.34193214929335874,0.06876507632246188,0.30148835107252014,0
0.3348766346241865,0.06675311802650404,0.2967215674354245,0
0.13015759875911137,0.01015848151730262,0.12796973754064836,0
0.43140259473504355,0.10529730149466898,0.3527097042874452,0
0.42871777429561797,0.10406343510339432,0.3515573721586795,0
0.38287839260504547,0.0850294094042216,0.32634151087367175,0
0.3974026031743171,0.09105950711578788,0.3344326883191428,0
0.28735770613830186,0.049809715038795284,0.26284791746487596,0
0.1558117008614456,0.014960698028366741,0.15194054144518757,0
0.3770068066122549,0.08257636355938895,0.32308166698568774,0
0.4395278772821331,0.10934631015163952,0.35560973236620785,0
0.4363857930533338,0.10748789460473698,0.3550245940887601,0
0.3579277375446604,0.07479860430508974,0.31195238784701923,0
0.3989297210906504,0.09172594605577904,0.3352792009179452,0
0.46635240088501334,0.12159524531907402,0.3666467678673843,0
0.5202865772964502,0.14763850423602953,0.3848203313480277,0
0.4166561227173581,0.099045905459002,0.3450183873217037,0
0.3463226511724936,0.07112988719828486,0.3040482218033959,0
0.13189500394022255,0.010484986396349386,0.12959946499656674,0
0.347861037350028,0.0717015080711017,0.3050452978050273,0
0.13268823979259642,0.010629337852782084,0.1303462438661724,0
0.35331597341823306,0.0729485875301778,0.3091825459869029,0
0.28759943105668817,0.049900099997717155,0.2631158254055285,0
0.15190111099853107,0.014275685010338676,0.148235138282203,0
0.3556823172053938,0.07459089366280472,0.3101317370690871,0
0.13903653851709896,0.011722252249013111,0.13634205981967912,0
0.3177516547247411,0.05998179075409771,0.2854776894563243,0
0.16948331311138634,0.01745003548186366,0.16461045832794421,0
0.4507585159078018,0.11459977162384408,0.36079965982086226,0
0.4815225200410845,0.12861394072887597,0.37246013961958346,0
0.39306667179853777,0.08955217113780624,0.332090568896719,0
0.28263605312810597,0.048385916917878934,0.25927835106915054,0
0.1977831948457274,0.024490831211287256,0.18986033101647487,0
0.4558761913065844,0.11705976369104816,0.36290685502876485,0
0.45408187415739887,0.11625158284678891,0.3624778124020676,0
0.30990825801386535,0.057319060137239385,0.279249031514429,0
0.1644878309323682,0.016573437373236792,0.16006436297932367,0
0.4392516516561116,0.10895620988208991,0.3561043448097077,0
0.16807073226892996,0.048250181135709426,0.12035272198869396,1
0.16669429331092597,0.0482589394431742,0.11779855243412596,1
0.1681407713735493,0.04822157174317129,0.12049239254667003,1
0.16650197922901017,0.048121283490343274,0.1178290228701738,1
0.11211219754584391,0.017772792359238856,0.10478135632395723,1
0.03084133504853417,2.477883516228123e-07,0.03084133503181002,1
0.08270130410840072,0.014985398000363987,0.0770155876323302,1
0.1473195552767673,0.028722609129747476,0.1273470313364986,1
0.07217596869088358,0.013013651202523027,0.06722954838895646,1
0.0854181914955671,0.014952550216617585,0.07974470150474437,1
0.12846068616037554,0.03255954732329628,0.10039812865867424,1
0.041235552232015776,4.65825687922774e-05,0.04123540820529704,1
0.3263260175799885,0.052552340582485306,0.23785075162670657,1
0.0989588926572663,0.01816272992622066,0.09170277021140011,1
0.1691276174186571,0.04656158681879054,0.1261321427242748,1
0.31355703000595364,0.037026727627750625,0.24637715258763623,1
0.17310711617991664,0.04352185473599669,0.13698135559846433,1
0.1288199321838723,0.032636753190259694,0.09968437439934677,1
0.13432908304674626,0.03522173266372641,0.104183018071832,1
0.17737651013252484,0.0512330185007673,0.1267711703189498,1
0.17110857172982,0.05326855038827183,0.11843532906269623,1
0.07766771592788885,0.01432659777211427,0.07215379397450876,1
0.08190072438661404,0.014766358167361169,0.07624315973547464,1
0.06656954596879074,0.005780021903942823,0.0648641787955796,1
0.04808100668213146,0.005091307493892251,0.04612050195541205,1
0.1611704750011868,0.03798211458580028,0.13277315490306033,1
0.38269373428405123,0.04913170911426824,0.2658282580670569,1
0.12466166907545928,0.030854673476008017,0.09653818238561945,1
0.12968948358099391,0.03328982913212402,0.10009262855574819,1
0.1155238128975715,0.022209616682564753,0.10297149121032814,1
0.1595051642379866,0.04295518773464038,0.1196788749549841,1
0.14505680439442692,0.02921868054470322,0.12546387639331735,1
0.07900430421437989,0.013048691065769748,0.07400091270714788,1
0.35742938675354224,0.049681138744429275,0.2424160343551442,1
0.1481163128328978,0.041987500017698916,0.1093060399930381,1
0.1787133742824107,0.05443445307857746,0.12146845237806542,1
0.17808878185426824,0.044264708961006906,0.14073287773458132,1
0.047908874946152355,0.007149221440922615,0.04547038406886846,1
0.14196346325637896,0.027294405151226175,0.12387494679279379,1
0.12501908248574872,0.022222442251294137,0.11216918760189121,1
0.042346525612963246,0.0006731170433341664,0.04230899821399541,1
0.12825430879983815,0.03255044993912943,0.09815130583947894,1
0.16365255602254233,0.04635217049997137,0.11849774516937439,1
0.2864681272869872,0.04502435420275064,0.22953639567281658,1
0.3395240766321083,0.05741083831436706,0.25888391013897977,1
0.28971525951282956,0.046898492721621485,0.18894223486585104,1
0.08658586367104698,0.02129436137161828,0.07333979432968692,1
0.18842080596496136,0.04971944028737364,0.14474684444694036,1
0.27244282803909786,0.057487777807263864,0.18203386921230322,1
0.08770461735497673,0.021468487097966085,0.07640586798114565,1
0.175738921057323,0.04852047288482426,0.12762561510633508,1
0.14631172317707117,0.040874713890065126,0.10839142373223566,1
0.15042747298000214,0.043680163491821834,0.11101982339893361,1
0.13513039241713554,0.02669007922554543,0.11867603003554024,1
0.18053194368000167,0.05226967599856455,0.12752716258264435,1
0.13752510565293663,0.03719151280376628,0.10575799722514911,1
0.17295034208609372,0.042896494471394334,0.13888398594602505,1
0.29145673993695875,0.03504302479420021,0.23734486707719502,1
0.1444903732873037,0.02780295875019077,0.12590693032379893,1
0.05323446998710165,0.009634810351491708,0.049538312753285164,1
0.14762367908598678,0.04130157167175687,0.10962184417140428,1
0.13769543163871742,0.03529260402524103,0.11085706832409904,1
0.1601682775268994,0.03737427235199087,0.13068840305110635,1
0.2896329109463879,0.05099239062501526,0.18829412097854664,1
0.080296157158156,0.018265308441218514,0.07093519300150529,1
0.16991220045798996,0.040145386457736146,0.13803213816869483,1
0.1492517080063028,0.0320046045219651,0.12793448528271334,1
0.16999965687757448,0.0414364701667615,0.13699816405178505,1
0.13124516117369583,0.02413386044413332,0.11651721402970144,1
0.05481561698613367,0.0076175396967816085,0.051886343225216944,1
0.12626814782147353,0.025034199806210005,0.11033300761158643,1
0.04289431855467771,0.007193174568844158,0.04030125113481267,1
0.07782854354066225,0.014425097811854536,0.07227041450591336,1
0.10545051079063825,0.02019346972458328,0.09555830723947462,1
0.036521470671212544,0.00011970465143479535,0.03652046172402635,1
0.08091419735020991,0.013970824533019455,0.07562116173557494,1
0.11318832481230465,0.022388102839826316,0.10125682413997933,1
0.10730226752904017,0.015893658613748134,0.10215680466481047,1
0.03384182403058565,9.058493522357577e-05,0.0338410911685895,1
0.05007702798630969,0.005708857753750198,0.04815874907452423,1
0.3668581296852597,0.055958877160996234,0.26606360654207223,1
0.13748634499130927,0.02637551569113106,0.11960561600039513,1
0.07359818106807016,0.012449956097008455,0.06896580758852842,1
0.10110203520132406,0.014392807426688917,0.0968511578979388,1
0.045322634956572266,0.0022854105183253946,0.044501630211289035,1
0.0770713749584514,0.013884889310267268,0.0718058253325835,1
0.13515975506265346,0.025419884794887073,0.11923127535761498,1
0.07123996324297413,0.012233460733140513,0.06664949112358479,1
0.12277759182437752,0.0218194962521189,0.10966139821695929,1
0.08808731589024985,0.015687394630292728,0.08214204440545932,1
0.08808731589024985,0.015687394630292728,0.08214204440545932,1
0.12686813087002474,0.02390914512979935,0.11201502220736866,1
0.16749648930085928,0.05147845732760113,0.11743708570889343,1
0.11792181836957734,0.027985027005266196,0.09537682179587315,1
0.09586788431107518,0.020491602104336575,0.07846090069183223,1
0.14891212299988135,0.042377077716634085,0.11245778820486796,1
0.1493090583743919,0.02931930385853397,0.13005199541621698,1
0.34615952778457143,0.05420782612302184,0.2566588929168608,1
0.1451104438058981,0.028122889411743537,0.12707723643239108,1
0.06671078264386902,0.011349126889527578,0.06262053060903093,1
0.12298021915669077,0.020932769919578452,0.11303642802512531,1
0.12420143384755482,0.022158606722960834,0.11058273198305608,1
0.15817843491875955,0.04739238755679256,0.11407136099206591,1
0.13203257609872204,0.03105627300735694,0.11090467461025728,1
0.18618810119443907,0.057093948058268784,0.12559368381078087,1
0.13326685526049867,0.03380479647401341,0.10707482068921252,1
0.13685645620885123,0.03267608285711098,0.11391991078012702,1
0.17003962509816517,0.048396173414719586,0.12277417541714451,1
0.15517918857125132,0.04619691282254217,0.11244721766473988,1
0.1789009605206732,0.04951850308543387,0.12811830560136397,1
0.3302943569222323,0.05792050548843639,0.256033000147264,1
0.12567807262523537,0.021188827417705933,0.11374332744200844,1
0.14097197618625357,0.028246540929014404,0.12333601556484303,1
0.12424757061626011,0.03157422352062532,0.10140037663376895,1
0.1353029458950816,0.03442110868739702,0.11090027095511076,1
0.14036825796430796,0.03762647263220714,0.11000481157238066,1
0.1242788886593524,0.027786407046073845,0.10773147858943764,1
0.2817151731847221,0.02073124855291519,0.24658244223005626,1
0.12907864823191234,0.024943551901383434,0.11703799546257813,1
0.08521149858739786,0.014787154476083616,0.07963476756474737,1
0.1677111544030658,0.04863405677935004,0.12126699964218726,1
0.114653154677729,0.020742261795748878,0.10310283457957488,1
0.1362516135452876,0.02737385443072101,0.11940872101607734,1
0.13799322592064125,0.026867058161938715,0.12141619579248553,1
0.11397132260756772,0.028692132147408834,0.09454637223158074,1
0.14362785154202792,0.03847771098859114,0.11160884595553938,1
0.0981757581991072,0.017956550165924397,0.09125068167005364,1
0.13256743046179512,0.03507951961100393,0.10420581002706379,1
0.17905984719693188,0.0548329223434666,0.12489280397182162,1
0.3249901868801762,0.0440209031763517,0.25037466400661357,1
0.3647224289595177,0.06222525922372217,0.2687769957875066,1
0.06302379435053171,0.010712947827490384,0.059140082112491894,1
0.12744554013497922,0.02279579385455873,0.11265426311761634,1
0.1514700145133124,0.040934873146563105,0.11661946438092997,1
0.09934026650330796,0.0179471976844258,0.09251078867708322,1
0.15082909420572221,0.029539832949734005,0.130421905041676,1
0.14127524616066495,0.03903496124303895,0.10817755819937945,1
0.11526924818980365,0.022399554768146188,0.10436725880636594,1
0.13503687396110856,0.03464205333645549,0.1085836860995164,1
0.08044139572966219,0.012052384940455574,0.0762506318386657,1
0.16617476428755995,0.03886676562170746,0.13662926904208458,1
0.15542558345648266,0.03519040000155378,0.13179399887457446,1
0.1345786174326648,0.024925679533725476,0.1182977981433106,1
0.1356485693448785,0.02542211779880332,0.12055847731064079,1
0.10374531335033943,0.024663841060138095,0.08437959983220723,1
0.15465619054267898,0.05226478929423269,0.10170148870498132,1
0.3247258188336668,0.048244263519907224,0.2570577610454386,1
0.15454145763765922,0.03695244909431007,0.1256945714139561,1
0.08819594286902116,0.014413768523729062,0.08313499234108412,1
0.17975520900763564,0.05424560947838478,0.12461667695748208,1
0.11207584283859631,0.025126213330247435,0.09620797834488516,1
0.35667518916110563,0.05494393988415156,0.2577123548137934,1
0.11860879804332883,0.02018796660479355,0.10674034086972829,1
0.140766836113861,0.02700229291309088,0.12486442067156234,1
0.3338110500494345,0.03647740628929221,0.2521447000231839,1
0.1399262154024271,0.027109198626609942,0.1227882101276573,1
0.13954739440780564,0.028694939918123812,0.12259165949843207,1
0.1476477911921262,0.03235563847319556,0.12650829409328085,1
0.16463258527106236,0.0394958635273676,0.13414635054986163,1
0.30517258780409506,0.04469383072334203,0.24172657521219873,1
0.34601896782420377,0.059527035694353816,0.2630604914578025,1
0.2813216835661758,0.019431838078438637,0.2474334038830168,1
0.2813216835661758,0.019431838078438637,0.2474334038830168,1
0.1246934966073387,0.024497326455824014,0.11213303244737392,1
0.1268756045998519,0.02522234921790855,0.11373348544529083,1
0.13874741632768137,0.02550367335822837,0.12364705312045862,1
0.105000291973055,0.01702474045232305,0.09534201981211889,1
0.1359363345142475,0.03793539808685342,0.10709116401923453,1
0.17272440774949271,0.0523290382686674,0.11995478281322104,1
0.10411703119179504,0.022021029057330794,0.09268486327374516,1
0.15828676847645062,0.04601641645838148,0.12054416677061768,1
0.1403745408669922,0.02692379862641766,0.12351400481880094,1
0.1423486343140268,0.0276038918525598,0.1257982783543361,1
0.12330505113772,0.021844518954864965,0.11154951840373747,1
0.1344164762431239,0.02548788689698042,0.12061092710193481,1
0.13224789603499953,0.03616839832456509,0.1061430100593881,1
0.2635328310684797,0.029033095629844293,0.23384417587431863,1
0.12500368034121473,0.023014984890059723,0.1153064937828353,1
0.13481225721632667,0.025972317668032496,0.12214996385661198,1
0.14019479135732746,0.03013722822648201,0.1194466134717701,1
0.1448794588303423,0.03395863326483698,0.11992110022544701,1
0.1316393631934783,0.023050872536274317,0.11763921874284917,1
0.11753474157241728,0.017511611794160043,0.11036327532366452,1
0.32737350552522876,0.08443258965398917,0.22706965841833596,1
0.2983119541882156,0.04974686485967168,0.2295578283721198,1
0.32613597384526144,0.05034950339116622,0.264891636099292,1
0.13334438736932858,0.026294105836079704,0.11811415016844323,1
0.15674670699868842,0.03538661495943653,0.1319226172925034,1
0.32566042490427993,0.049103690353153234,0.23931977575808827,1
0.12496689802609562,0.031237589840377118,0.1055531778145317,1
0.15389709480257596,0.04515486715229094,0.11718278465665574,1
0.155596644802575,0.04623112968654111,0.11768793989312233,1
0.2861766460915111,0.03262622841430405,0.23841424078379012,1
0.11793959978212624,0.024477557524498338,0.10490003242548653,1
0.35056000579502256,0.06692588632720274,0.2634711675675695,1
0.11687093612144558,0.018949262558748837,0.11026840892285301,1
0.15804216658245918,0.03594069458398921,0.1340061433157799,1
0.32126121939744745,0.046853770197500616,0.2631992702740865,1
0.121465293884666,0.021076072140898277,0.11327897515167488,1
0.11531733165821167,0.022076015807721245,0.10496783605215322,1
0.11656835813623764,0.02131614490811975,0.10563586227289568,1
0.1584485214207108,0.03844459455633382,0.1323594080034215,1
0.13311780569919315,0.02575614912190266,0.116246322845512,1
0.13091786298500174,0.0340185983062149,0.10766920891699057,1
0.12241003411426825,0.029794563300077657,0.10086507280497473,1
0.35315274092240895,0.0704279624005805,0.23917468344975742,1
0.15620037389406638,0.034912958013015576,0.13023920084374793,1
0.15756880601372772,0.040059303237242126,0.1239117659047477,1
0.14325647213176615,0.02818372370248092,0.12650808815977416,1
0.32890161933066625,0.04240415764472311,0.24621802288379652,1
0.1304026226138745,0.035894541702931555,0.10412578118419041,1
0.12781228195619476,0.03371325223316435,0.10124348354107228,1
0.15432587123212294,0.03521356427984822,0.13115051102852457,1
0.1331088312690272,0.03618313185986801,0.10528939865184839,1
0.17212379987590193,0.04375646992026984,0.13893864941821382,1
0.1525683153794391,0.03226110002440229,0.1309362976840069,1
0.15292405850570706,0.04415213436469405,0.11110550413288874,1
0.1773587217843562,0.05391008279747141,0.12143467593611305,1
0.11662469775815634,0.028215451238972192,0.09018211239015281,1
0.14134976850665634,0.0369918250827686,0.1063414631767752,1
0.1302122566637958,0.0328715349715249,0.10093370943463584,1
0.15533810829682979,0.043796033987765326,0.11256044153003343,1
0.15054661058350885,0.042685982624591896,0.11017839940726888,1
0.11305126937540035,0.028348123729420634,0.08804103539688682,1
0.047507367345832184,0.004784588324457751,0.04611390242817091,1
0.05288070680654066,0.005380074541824796,0.050829121439127566,1
0.07517554978571966,0.013687933026452331,0.06991696184537183,1
0.0734222628215776,0.00777416214551484,0.07110612294881268,1
0.1411205228101558,0.027758270072504667,0.12288925505797599,1
0.07242407607893628,0.011199079253620696,0.06822311292901395,1
0.10124738013014561,0.01785270284625097,0.09351115047375061,1
0.159855565151112,0.03754579721708419,0.12911011459756244,1
0.2471566223585359,0.05036402934649814,0.17654083024079367,1
0.09630656398051933,0.021152378442859242,0.07777406875497658,1
0.14417854016425127,0.03694544996856476,0.1118980912882116,1
0.17703004680209172,0.04840448310454968,0.12877696482867848,1
0.15519799421248476,0.03985486490547403,0.11850347575601701,1
0.1309076627223258,0.034576871795109244,0.10298379386426444,1
0.17783334136056908,0.05471889434224201,0.12093364813750856,1
0.17519230413387088,0.05222295068577192,0.12201361764233973,1
0.3476317248357106,0.05144884200857883,0.2563504136796392,1
0.15350296084638737,0.04397354446237129,0.11092639994195547,1
0.1472883854159185,0.046475653869375,0.10080556914518851,1
0.16533961355330687,0.04874580435719365,0.11625687869679388,1
0.1730414693974407,0.05133836989789778,0.1198906575386262,1
0.14094736375900582,0.037660918261936724,0.10617894574033457,1
0.1940733199895319,0.06000775045274629,0.1304418100452179,1
0.15803554103658063,0.03690184862275521,0.13069613069247027,1
0.13348331880426628,0.026126126093480348,0.11640045246168677,1
0.08848931257379043,0.015313610235344844,0.0826993664393529,1
0.2760716579868786,0.060277821010122454,0.2013958858347946,1
0.08228296368339172,0.01460305655292125,0.07687674687442286,1
0.0916089574928283,0.014983174810282312,0.08587293397318319,1
0.1553558095014889,0.041474367072288486,0.11888709514983697,1
0.11204923976837344,0.021782482534692744,0.10010278847239015,1
0.1416157822708436,0.028959487828095157,0.12310470245787754,1
0.11773857857248672,0.027458413155308996,0.09741325195116142,1
0.14502143064479017,0.03542931445618291,0.11501893188837727,1
0.12688356007824342,0.022826956759128547,0.11272751262247056,1
0.06078815368770305,0.010078245237449348,0.05552175068857888,1
0.12574614586652563,0.022902635135012294,0.11206500001114318,1
0.02947861667864056,0.006029526085621182,0.026897938981937115,1
0.15863547571342596,0.03917610067398537,0.12671856282272465,1
0.14202551419794687,0.03910660810450966,0.10744636976174653,1
0.17380522093783538,0.043820649921623614,0.13766885068339052,1
0.06400584999115304,0.011448176903034665,0.059657314720006724,1
0.12310503574623573,0.02428186364399354,0.10834548184660378,1
0.19848130317717044,0.05454229014517925,0.14953273356246807,1
0.11545951393318513,0.02674626948959942,0.09598602291985027,1
0.10184096957108256,0.026445645294867145,0.08108847364458185,1
0.05587050636818992,0.008111588103547358,0.05345550587221426,1
0.33882741044515635,0.046118799781636785,0.25007041337621455,1
0.17488933114326852,0.04299360902234444,0.13873546892142702,1
0.16765394320342072,0.04815312160183383,0.12000897990578671,1
0.16376937273069522,0.04893806949702059,0.11530784183169841,1
0.07388737267459135,0.013309536248232386,0.06880185921025182,1
0.14694049797769862,0.028583737807406827,0.12739310742340595,1
0.16947478655587903,0.0412055607247869,0.13572103200894067,1
0.3471273734155442,0.05236698061559614,0.24924868066229666,1
0.16066833337812214,0.04341455562026514,0.12039145710306319,1
0.14741852116051632,0.03991487721201298,0.11126453088798825,1
0.17287051335081402,0.05066855836916278,0.1228004986406389,1
0.12834467404996755,0.03356578462995336,0.0987035879289163,1
0.17432444697786398,0.043057061195982765,0.13869024361014082,1
0.16005542831969663,0.04598227091608957,0.11790998619294286,1
0.13875424268041806,0.03515174870676717,0.11001178903312202,1
0.17357417028177657,0.044262129114579774,0.13740102235371257,1
0.33840621973480595,0.04330864708345044,0.24729494776307046,1
0.07065378993272,0.012797987247566051,0.06573736737339676,1
0.14342221368563718,0.028967913555954697,0.12489154766404074,1
0.15339253328738706,0.040824336228919254,0.11571930536639681,1
0.1850155200513856,0.056326104158345276,0.12570111252517605,1
0.15016096018019987,0.029531905985805906,0.1304305204458111,1
0.1859705561149367,0.04968055881019507,0.14363644940399978,1
0.18760870862522488,0.049400980540156424,0.14437612040704495,1
0.15514477647475478,0.03439257854711196,0.1283159217221595,1
0.12659344756435578,0.035031036396852865,0.09619380614919736,1
0.19867148678772273,0.04154755068451843,0.14320525277934484,1
0.13637036273084002,0.04441827710033198,0.09298589226936567,1
0.19118466507677878,0.02590103716431586,0.14880703051399496,1
0.09953827497593494,0.017785185190971286,0.09170310114015569,1
0.13007421672871616,0.025249558419244804,0.11465014784878393,1
0.17639166363599174,0.05102165908497162,0.1252234869560534,1
0.15392794568593776,0.041165161475864534,0.11700069952310972,1
0.1218843292065494,0.025132449356917577,0.10746643062673333,1
0.1802978993002045,0.05622264784357587,0.12312852038881886,1
0.1802978993002045,0.05622264784357587,0.12312852038881886,1
0.15631743467237463,0.0362046046343178,0.12898645555815103,1
0.38319564730568406,0.055429134700444437,0.26854143010395914,1
0.3074659574121844,0.03557152892882794,0.24395830917321787,1
0.15506983013434295,0.03777817291750912,0.12376161386988331,1
0.18948376751746382,0.058586335862293996,0.12838994191016617,1
0.15991990675799028,0.037442487913822244,0.131381120418754,1
0.14539476692950878,0.037667567093016496,0.11286684138727184,1
0.13985530330454854,0.026565949239398395,0.12321535193194327,1
0.0903483010441578,0.015480952923833696,0.08466742958050533,1
0.1634824728584839,0.03785670940628226,0.13561875234702833,1
0.08165019967540331,0.014736729438901804,0.07612777656252516,1
0.15439490861917118,0.03166240781645179,0.13364625924074988,1
0.29783627485553454,0.03450241472404987,0.24823146529394183,1
0.15694491424814747,0.0342354150933772,0.13250954585708177,1
0.14435881437479992,0.028734082115415494,0.12580988118181996,1
0.15349736132637898,0.04194149680937187,0.11714117520760972,1
0.1475636435906344,0.03982862257357197,0.11395335997621983,1
0.13214596740904275,0.03506610436582697,0.10376730818294302,1
0.33657226237081,0.04056809846847268,0.25421558325252563,1
0.12684209333850982,0.02269128101709315,0.11226347294703404,1
0.13962328992318399,0.037258571116699106,0.10717899054316202,1
0.16297053286707103,0.04716699620191851,0.11836522431104986,1
0.11561887845433348,0.022075562899997115,0.10448402543827233,1
0.14495654827042215,0.03532138314136767,0.11847590926959263,1
0.0838476446660223,0.015175050661088988,0.07809653169964063,1
0.12296906011287005,0.021862225388651072,0.11033420735776345,1
0.3625057319764055,0.05095953892735508,0.2618943392901407,1
0.11983952271438814,0.03224785904379406,0.09379552325234403,1
0.12127297854150182,0.03048863815224146,0.0969731853427122,1
0.120871620704088,0.020682919728637814,0.10801918672154774,1
0.3950714338736324,0.08221413686785983,0.2621594187686773,1
0.3509832657063846,0.044795807442463996,0.2597392067581738,1
0.1355396388191599,0.0353401559575652,0.10986009364862515,1
0.14492002773645402,0.03356116233115551,0.12103684920897198,1
0.13164863325808773,0.033744574186581236,0.1036497293306542,1
0.11959255978845063,0.029610300046804112,0.09342542294979443,1
0.13252978598464787,0.03341352268712507,0.10239004238153447,1
0.1265817043596974,0.03085087914197975,0.09921542100125717,1
0.13891514388437273,0.03424378306660946,0.1112715608347677,1
0.15032517023758926,0.03223956784439834,0.1288913177908508,1
0.14193650235217645,0.02896372960829916,0.12373145033758809,1
0.10512914143937216,0.02418370992716756,0.09051447437458036,1
0.10598068090792945,0.021116878963310524,0.09476161836591618,1
0.31320787321500104,0.035904799375770534,0.2473746383573349,1
0.12302544380271627,0.030888056125023218,0.09816823166467292,1
0.12045832834375896,0.03089946928047048,0.09517131193333375,1
0.3424598053407235,0.04585143708355415,0.2516632339119815,1
0.14777345862578922,0.0413609978372521,0.10980696585990404,1
0.17276574360324926,0.04947472076085567,0.12200027589428082,1
0.11329214019501281,0.02678265847834218,0.0907231934255773,1
0.11428815423851071,0.027080075124930717,0.09154720643586803,1
0.15251311915658128,0.030782464206297756,0.13325405081474007,1
0.3938185959076435,0.06207202581497381,0.2726675764994915,1
0.36227547937690596,0.04382196554581877,0.2590858334080763,1
0.13725205753230718,0.037080187823246985,0.10509983230166477,1
0.0975349878648362,0.019151321902107242,0.08918736391801668,1
0.11778238280032134,0.022486721768739497,0.10595057792581582,1
0.09678940942521891,0.016128105649519477,0.09082992102329898,1
0.16320687346406496,0.039285382325658244,0.13383831358318268,1
0.07265222156543155,0.011606785915086373,0.06856472733034896,1
0.12880019539242196,0.023759876196201533,0.11440318006550541,1
0.15389161954339503,0.032142363152893816,0.13184081423113822,1
0.2965023987180011,0.03288464649588628,0.25442626698351173,1
0.15718443098283352,0.03603533251107864,0.13193559054606926,1
0.13723207556328407,0.026462630876356204,0.11991161340427861,1
0.107726492693128,0.022296345252719306,0.09665215435497553,1
0.1345130009891204,0.02810840277265044,0.11663203082377904,1
0.10876000058314138,0.024994967736192933,0.08744347799341219,1
0.15521798177384388,0.044206511472099426,0.11291195466559367,1
0.18944296279295683,0.05043216807835643,0.1451502428534294,1
0.15702007055916192,0.03710852739700718,0.13123465312461235,1
0.3159632299954783,0.04868599007613467,0.25142866119890295,1
0.1816216035923323,0.04664154504590501,0.14241153785651206,1
0.1816216035923323,0.04664154504590501,0.14241153785651206,1
0.16508649027080952,0.05657154372575419,0.10530415241998538,1
0.29637019889969335,0.05596278064574282,0.22666561322784523,1
0.13348782577883372,0.025093823383772546,0.11991275784993498,1
0.16008197121353207,0.04780141692934681,0.11559241206207757,1
0.14719347221209972,0.035993588148965965,0.1184542635836568,1
0.14537071433730564,0.029484219868862578,0.12724811773186642,1
0.1256697134050381,0.022673125953167464,0.11270016766789608,1
0.1303150501082311,0.03324988966824799,0.1000363410083467,1
0.15206778497269405,0.041115675990520094,0.1149959927330376,1
0.2667980050389039,0.022832506463034544,0.24834230040814012,1
0.13169295804791398,0.025533887041610855,0.11587750397274743,1
0.11577628200608689,0.028798602366510405,0.09860268634302118,1
0.131790187825778,0.03587275511283166,0.10484195189037213,1
0.1479992010427284,0.03343387341099625,0.12476073082830919,1
0.11857870266342786,0.0294533597732476,0.09528884257894395,1
0.12202641279380425,0.021070962605601495,0.11255807951274904,1
0.14851765395453215,0.04223937004299446,0.10912114305134812,1
0.16690027080561487,0.04350496548573602,0.1291015094643813,1
0.147950398707502,0.03466955341369856,0.1252265431971028,1
0.3096390605269169,0.05452135955794073,0.24026619044014505,1
0.31760918485319917,0.07240481168395049,0.22026744161806547,1
0.13193034114166635,0.03026321346339445,0.11293992487975624,1
0.14814448525679935,0.029548957742167335,0.128465396555996,1
0.12866677483060818,0.022258924807104882,0.11696263222473152,1
0.3228241175895536,0.043505181632804056,0.2451379732587567,1
0.3389448096600308,0.0567052748444075,0.26868297323619966,1
0.14061511692430156,0.02976014293560776,0.12335270552023625,1
0.11351999396580899,0.02031747795759739,0.1028998476779699,1
0.18395108382787462,0.04951493117433659,0.14426870698327526,1
0.17469740925583818,0.04402145267454924,0.13963472410520653,1
0.12448475212708904,0.028607530741933108,0.10724871051663763,1
0.14663986181763472,0.029159966544199206,0.1292992553244297,1
0.16035983674193532,0.03547852820132293,0.13584870859970669,1
0.37473497667182376,0.09088278803301462,0.25583726271221874,1
0.32573348423609366,0.04766248385529182,0.23979408815851194,1
0.17227965657937985,0.041868816976087964,0.13964722883318528,1
0.3200817757018281,0.0541109943436328,0.22625242869251513,1
0.11101920523496636,0.02008617101891476,0.10140426348915219,1
0.15099913377851942,0.03425728359401172,0.1255433122021153,1
0.11740688459140726,0.018615006061561263,0.10945727876627194,1
0.16216060373703983,0.049174829996323104,0.11632773921456406,1
0.12831380901656367,0.023820609226515497,0.11528731079460135,1
